path,category,condition,experiment,raw_or_aggregate
results\aggregated_results.json,benchmark result,126K,benchmark/evaluation,derived/summary
results\pareto_frontier_plots.png,benchmark result,126K,benchmark/evaluation,derived/summary
results\pareto_frontiers.json,benchmark result,126K,benchmark/evaluation,derived/summary
results\raw_benchmark_results.json,benchmark result,126K,benchmark/evaluation,raw
results\RESULTS.md,benchmark result,126K,benchmark/evaluation,derived/summary
results\statistical_comparison.json,benchmark result,126K,benchmark/evaluation,derived/summary
results\threshold_analysis.json,benchmark result,126K,benchmark/evaluation,derived/summary
results_1m\aggregated_results.json,benchmark result,1M,benchmark/evaluation,derived/summary
results_1m\pareto_frontier_plots.png,benchmark result,1M,benchmark/evaluation,derived/summary
results_1m\pareto_frontiers.json,benchmark result,1M,benchmark/evaluation,derived/summary
results_1m\raw_benchmark_results.json,benchmark result,1M,benchmark/evaluation,raw
results_1m\RESULTS_1M.md,benchmark result,1M,benchmark/evaluation,derived/summary
results_1m\statistical_comparison.json,benchmark result,1M,benchmark/evaluation,derived/summary
results_1m\threshold_analysis.json,benchmark result,1M,benchmark/evaluation,derived/summary
results_5m\aggregated_results.json,benchmark result,5M original,benchmark/evaluation,derived/summary
results_5m\pareto_frontier_plots.png,benchmark result,5M original,benchmark/evaluation,derived/summary
results_5m\pareto_frontiers.json,benchmark result,5M original,benchmark/evaluation,derived/summary
results_5m\raw_benchmark_results.json,benchmark result,5M original,benchmark/evaluation,raw
results_5m\RESULTS_5M.md,benchmark result,5M original,benchmark/evaluation,derived/summary
results_5m\statistical_comparison.json,benchmark result,5M original,benchmark/evaluation,derived/summary
results_5m\threshold_analysis.json,benchmark result,5M original,benchmark/evaluation,derived/summary
results_5m_recovery\aggregated_results.json,benchmark result,5M recovery,benchmark/evaluation,derived/summary
results_5m_recovery\pareto_frontiers.json,benchmark result,5M recovery,benchmark/evaluation,derived/summary
results_5m_recovery\raw_benchmark_results.json,benchmark result,5M recovery,benchmark/evaluation,raw
results_5m_recovery\RESULTS_5M_RECOVERY.md,benchmark result,5M recovery,benchmark/evaluation,derived/summary
results_5m_recovery\statistical_tests.json,benchmark result,5M recovery,benchmark/evaluation,derived/summary
results_5m_recovery\threshold_analysis.json,benchmark result,5M recovery,benchmark/evaluation,derived/summary
export\models\cot_task_a_s42_aligned\training_log.json,checkpoint/training,126K,cot_task_a_s42_aligned,training log
export\models\cot_task_a_s42_aligned\weights.pth,checkpoint/training,126K,cot_task_a_s42_aligned,checkpoint/timing
export\models\cot_task_a_s43_aligned\training_log.json,checkpoint/training,126K,cot_task_a_s43_aligned,training log
export\models\cot_task_a_s43_aligned\weights.pth,checkpoint/training,126K,cot_task_a_s43_aligned,checkpoint/timing
export\models\cot_task_a_s44_aligned\training_log.json,checkpoint/training,126K,cot_task_a_s44_aligned,training log
export\models\cot_task_a_s44_aligned\weights.pth,checkpoint/training,126K,cot_task_a_s44_aligned,checkpoint/timing
export\models\cot_task_a_s45_aligned\training_log.json,checkpoint/training,126K,cot_task_a_s45_aligned,training log
export\models\cot_task_a_s45_aligned\weights.pth,checkpoint/training,126K,cot_task_a_s45_aligned,checkpoint/timing
export\models\cot_task_a_s46_aligned\training_log.json,checkpoint/training,126K,cot_task_a_s46_aligned,training log
export\models\cot_task_a_s46_aligned\weights.pth,checkpoint/training,126K,cot_task_a_s46_aligned,checkpoint/timing
export\models\cot_task_b_s42_aligned\training_log.json,checkpoint/training,126K,cot_task_b_s42_aligned,training log
export\models\cot_task_b_s42_aligned\weights.pth,checkpoint/training,126K,cot_task_b_s42_aligned,checkpoint/timing
export\models\cot_task_b_s42_end_to_end\training_log.json,checkpoint/training,126K,cot_task_b_s42_end_to_end,training log
export\models\cot_task_b_s42_end_to_end\weights.pth,checkpoint/training,126K,cot_task_b_s42_end_to_end,checkpoint/timing
export\models\cot_task_b_s43_aligned\training_log.json,checkpoint/training,126K,cot_task_b_s43_aligned,training log
export\models\cot_task_b_s43_aligned\weights.pth,checkpoint/training,126K,cot_task_b_s43_aligned,checkpoint/timing
export\models\cot_task_b_s44_aligned\training_log.json,checkpoint/training,126K,cot_task_b_s44_aligned,training log
export\models\cot_task_b_s44_aligned\weights.pth,checkpoint/training,126K,cot_task_b_s44_aligned,checkpoint/timing
export\models\cot_task_b_s45_aligned\training_log.json,checkpoint/training,126K,cot_task_b_s45_aligned,training log
export\models\cot_task_b_s45_aligned\weights.pth,checkpoint/training,126K,cot_task_b_s45_aligned,checkpoint/timing
export\models\cot_task_b_s46_aligned\training_log.json,checkpoint/training,126K,cot_task_b_s46_aligned,training log
export\models\cot_task_b_s46_aligned\weights.pth,checkpoint/training,126K,cot_task_b_s46_aligned,checkpoint/timing
export\models\latent_task_a_s42_aligned\training_log.json,checkpoint/training,126K,latent_task_a_s42_aligned,training log
export\models\latent_task_a_s42_aligned\weights.pth,checkpoint/training,126K,latent_task_a_s42_aligned,checkpoint/timing
export\models\latent_task_a_s43_aligned\training_log.json,checkpoint/training,126K,latent_task_a_s43_aligned,training log
export\models\latent_task_a_s43_aligned\weights.pth,checkpoint/training,126K,latent_task_a_s43_aligned,checkpoint/timing
export\models\latent_task_a_s44_aligned\training_log.json,checkpoint/training,126K,latent_task_a_s44_aligned,training log
export\models\latent_task_a_s44_aligned\weights.pth,checkpoint/training,126K,latent_task_a_s44_aligned,checkpoint/timing
export\models\latent_task_a_s45_aligned\training_log.json,checkpoint/training,126K,latent_task_a_s45_aligned,training log
export\models\latent_task_a_s45_aligned\weights.pth,checkpoint/training,126K,latent_task_a_s45_aligned,checkpoint/timing
export\models\latent_task_a_s46_aligned\training_log.json,checkpoint/training,126K,latent_task_a_s46_aligned,training log
export\models\latent_task_a_s46_aligned\weights.pth,checkpoint/training,126K,latent_task_a_s46_aligned,checkpoint/timing
export\models\latent_task_b_s42_aligned\training_log.json,checkpoint/training,126K,latent_task_b_s42_aligned,training log
export\models\latent_task_b_s42_aligned\weights.pth,checkpoint/training,126K,latent_task_b_s42_aligned,checkpoint/timing
export\models\latent_task_b_s42_end_to_end\training_log.json,checkpoint/training,126K,latent_task_b_s42_end_to_end,training log
export\models\latent_task_b_s42_end_to_end\weights.pth,checkpoint/training,126K,latent_task_b_s42_end_to_end,checkpoint/timing
export\models\latent_task_b_s43_aligned\training_log.json,checkpoint/training,126K,latent_task_b_s43_aligned,training log
export\models\latent_task_b_s43_aligned\weights.pth,checkpoint/training,126K,latent_task_b_s43_aligned,checkpoint/timing
export\models\latent_task_b_s44_aligned\training_log.json,checkpoint/training,126K,latent_task_b_s44_aligned,training log
export\models\latent_task_b_s44_aligned\weights.pth,checkpoint/training,126K,latent_task_b_s44_aligned,checkpoint/timing
export\models\latent_task_b_s45_aligned\training_log.json,checkpoint/training,126K,latent_task_b_s45_aligned,training log
export\models\latent_task_b_s45_aligned\weights.pth,checkpoint/training,126K,latent_task_b_s45_aligned,checkpoint/timing
export\models\latent_task_b_s46_aligned\training_log.json,checkpoint/training,126K,latent_task_b_s46_aligned,training log
export\models\latent_task_b_s46_aligned\weights.pth,checkpoint/training,126K,latent_task_b_s46_aligned,checkpoint/timing
export\models_1m\cot_task_a_s42_aligned\training_log.json,checkpoint/training,1M,cot_task_a_s42_aligned,training log
export\models_1m\cot_task_a_s42_aligned\weights.pth,checkpoint/training,1M,cot_task_a_s42_aligned,checkpoint/timing
export\models_1m\cot_task_a_s43_aligned\training_log.json,checkpoint/training,1M,cot_task_a_s43_aligned,training log
export\models_1m\cot_task_a_s43_aligned\weights.pth,checkpoint/training,1M,cot_task_a_s43_aligned,checkpoint/timing
export\models_1m\cot_task_a_s44_aligned\training_log.json,checkpoint/training,1M,cot_task_a_s44_aligned,training log
export\models_1m\cot_task_a_s44_aligned\weights.pth,checkpoint/training,1M,cot_task_a_s44_aligned,checkpoint/timing
export\models_1m\cot_task_a_s45_aligned\training_log.json,checkpoint/training,1M,cot_task_a_s45_aligned,training log
export\models_1m\cot_task_a_s45_aligned\weights.pth,checkpoint/training,1M,cot_task_a_s45_aligned,checkpoint/timing
export\models_1m\cot_task_a_s46_aligned\training_log.json,checkpoint/training,1M,cot_task_a_s46_aligned,training log
export\models_1m\cot_task_a_s46_aligned\weights.pth,checkpoint/training,1M,cot_task_a_s46_aligned,checkpoint/timing
export\models_1m\cot_task_b_s42_aligned\training_log.json,checkpoint/training,1M,cot_task_b_s42_aligned,training log
export\models_1m\cot_task_b_s42_aligned\weights.pth,checkpoint/training,1M,cot_task_b_s42_aligned,checkpoint/timing
export\models_1m\cot_task_b_s43_aligned\training_log.json,checkpoint/training,1M,cot_task_b_s43_aligned,training log
export\models_1m\cot_task_b_s43_aligned\weights.pth,checkpoint/training,1M,cot_task_b_s43_aligned,checkpoint/timing
export\models_1m\cot_task_b_s44_aligned\training_log.json,checkpoint/training,1M,cot_task_b_s44_aligned,training log
export\models_1m\cot_task_b_s44_aligned\weights.pth,checkpoint/training,1M,cot_task_b_s44_aligned,checkpoint/timing
export\models_1m\cot_task_b_s45_aligned\training_log.json,checkpoint/training,1M,cot_task_b_s45_aligned,training log
export\models_1m\cot_task_b_s45_aligned\weights.pth,checkpoint/training,1M,cot_task_b_s45_aligned,checkpoint/timing
export\models_1m\cot_task_b_s46_aligned\training_log.json,checkpoint/training,1M,cot_task_b_s46_aligned,training log
export\models_1m\cot_task_b_s46_aligned\weights.pth,checkpoint/training,1M,cot_task_b_s46_aligned,checkpoint/timing
export\models_1m\latent_task_a_s42_aligned\training_log.json,checkpoint/training,1M,latent_task_a_s42_aligned,training log
export\models_1m\latent_task_a_s42_aligned\weights.pth,checkpoint/training,1M,latent_task_a_s42_aligned,checkpoint/timing
export\models_1m\latent_task_a_s43_aligned\training_log.json,checkpoint/training,1M,latent_task_a_s43_aligned,training log
export\models_1m\latent_task_a_s43_aligned\weights.pth,checkpoint/training,1M,latent_task_a_s43_aligned,checkpoint/timing
export\models_1m\latent_task_a_s44_aligned\training_log.json,checkpoint/training,1M,latent_task_a_s44_aligned,training log
export\models_1m\latent_task_a_s44_aligned\weights.pth,checkpoint/training,1M,latent_task_a_s44_aligned,checkpoint/timing
export\models_1m\latent_task_a_s45_aligned\training_log.json,checkpoint/training,1M,latent_task_a_s45_aligned,training log
export\models_1m\latent_task_a_s45_aligned\weights.pth,checkpoint/training,1M,latent_task_a_s45_aligned,checkpoint/timing
export\models_1m\latent_task_a_s46_aligned\training_log.json,checkpoint/training,1M,latent_task_a_s46_aligned,training log
export\models_1m\latent_task_a_s46_aligned\weights.pth,checkpoint/training,1M,latent_task_a_s46_aligned,checkpoint/timing
export\models_1m\latent_task_b_s42_aligned\training_log.json,checkpoint/training,1M,latent_task_b_s42_aligned,training log
export\models_1m\latent_task_b_s42_aligned\weights.pth,checkpoint/training,1M,latent_task_b_s42_aligned,checkpoint/timing
export\models_1m\latent_task_b_s43_aligned\training_log.json,checkpoint/training,1M,latent_task_b_s43_aligned,training log
export\models_1m\latent_task_b_s43_aligned\weights.pth,checkpoint/training,1M,latent_task_b_s43_aligned,checkpoint/timing
export\models_1m\latent_task_b_s44_aligned\training_log.json,checkpoint/training,1M,latent_task_b_s44_aligned,training log
export\models_1m\latent_task_b_s44_aligned\weights.pth,checkpoint/training,1M,latent_task_b_s44_aligned,checkpoint/timing
export\models_1m\latent_task_b_s45_aligned\training_log.json,checkpoint/training,1M,latent_task_b_s45_aligned,training log
export\models_1m\latent_task_b_s45_aligned\weights.pth,checkpoint/training,1M,latent_task_b_s45_aligned,checkpoint/timing
export\models_1m\latent_task_b_s46_aligned\training_log.json,checkpoint/training,1M,latent_task_b_s46_aligned,training log
export\models_1m\latent_task_b_s46_aligned\weights.pth,checkpoint/training,1M,latent_task_b_s46_aligned,checkpoint/timing
export\models_5m\cot_task_a_s42_aligned\training_log.json,checkpoint/training,5M original,cot_task_a_s42_aligned,training log
export\models_5m\cot_task_a_s42_aligned\weights.pth,checkpoint/training,5M original,cot_task_a_s42_aligned,checkpoint/timing
export\models_5m\cot_task_a_s43_aligned\training_log.json,checkpoint/training,5M original,cot_task_a_s43_aligned,training log
export\models_5m\cot_task_a_s43_aligned\weights.pth,checkpoint/training,5M original,cot_task_a_s43_aligned,checkpoint/timing
export\models_5m\cot_task_a_s44_aligned\training_log.json,checkpoint/training,5M original,cot_task_a_s44_aligned,training log
export\models_5m\cot_task_a_s44_aligned\weights.pth,checkpoint/training,5M original,cot_task_a_s44_aligned,checkpoint/timing
export\models_5m\cot_task_a_s45_aligned\training_log.json,checkpoint/training,5M original,cot_task_a_s45_aligned,training log
export\models_5m\cot_task_a_s45_aligned\weights.pth,checkpoint/training,5M original,cot_task_a_s45_aligned,checkpoint/timing
export\models_5m\cot_task_a_s46_aligned\training_log.json,checkpoint/training,5M original,cot_task_a_s46_aligned,training log
export\models_5m\cot_task_a_s46_aligned\weights.pth,checkpoint/training,5M original,cot_task_a_s46_aligned,checkpoint/timing
export\models_5m\cot_task_b_s42_aligned\training_log.json,checkpoint/training,5M original,cot_task_b_s42_aligned,training log
export\models_5m\cot_task_b_s42_aligned\weights.pth,checkpoint/training,5M original,cot_task_b_s42_aligned,checkpoint/timing
export\models_5m\cot_task_b_s43_aligned\training_log.json,checkpoint/training,5M original,cot_task_b_s43_aligned,training log
export\models_5m\cot_task_b_s43_aligned\weights.pth,checkpoint/training,5M original,cot_task_b_s43_aligned,checkpoint/timing
export\models_5m\cot_task_b_s44_aligned\training_log.json,checkpoint/training,5M original,cot_task_b_s44_aligned,training log
export\models_5m\cot_task_b_s44_aligned\weights.pth,checkpoint/training,5M original,cot_task_b_s44_aligned,checkpoint/timing
export\models_5m\cot_task_b_s45_aligned\training_log.json,checkpoint/training,5M original,cot_task_b_s45_aligned,training log
export\models_5m\cot_task_b_s45_aligned\weights.pth,checkpoint/training,5M original,cot_task_b_s45_aligned,checkpoint/timing
export\models_5m\cot_task_b_s46_aligned\training_log.json,checkpoint/training,5M original,cot_task_b_s46_aligned,training log
export\models_5m\cot_task_b_s46_aligned\weights.pth,checkpoint/training,5M original,cot_task_b_s46_aligned,checkpoint/timing
export\models_5m\latent_task_a_s42_aligned\training_log.json,checkpoint/training,5M original,latent_task_a_s42_aligned,training log
export\models_5m\latent_task_a_s42_aligned\weights.pth,checkpoint/training,5M original,latent_task_a_s42_aligned,checkpoint/timing
export\models_5m\latent_task_a_s43_aligned\training_log.json,checkpoint/training,5M original,latent_task_a_s43_aligned,training log
export\models_5m\latent_task_a_s43_aligned\weights.pth,checkpoint/training,5M original,latent_task_a_s43_aligned,checkpoint/timing
export\models_5m\latent_task_a_s44_aligned\training_log.json,checkpoint/training,5M original,latent_task_a_s44_aligned,training log
export\models_5m\latent_task_a_s44_aligned\weights.pth,checkpoint/training,5M original,latent_task_a_s44_aligned,checkpoint/timing
export\models_5m\latent_task_a_s45_aligned\training_log.json,checkpoint/training,5M original,latent_task_a_s45_aligned,training log
export\models_5m\latent_task_a_s45_aligned\weights.pth,checkpoint/training,5M original,latent_task_a_s45_aligned,checkpoint/timing
export\models_5m\latent_task_a_s46_aligned\training_log.json,checkpoint/training,5M original,latent_task_a_s46_aligned,training log
export\models_5m\latent_task_a_s46_aligned\weights.pth,checkpoint/training,5M original,latent_task_a_s46_aligned,checkpoint/timing
export\models_5m\latent_task_b_s42_aligned\training_log.json,checkpoint/training,5M original,latent_task_b_s42_aligned,training log
export\models_5m\latent_task_b_s42_aligned\weights.pth,checkpoint/training,5M original,latent_task_b_s42_aligned,checkpoint/timing
export\models_5m\latent_task_b_s43_aligned\training_log.json,checkpoint/training,5M original,latent_task_b_s43_aligned,training log
export\models_5m\latent_task_b_s43_aligned\weights.pth,checkpoint/training,5M original,latent_task_b_s43_aligned,checkpoint/timing
export\models_5m\latent_task_b_s44_aligned\training_log.json,checkpoint/training,5M original,latent_task_b_s44_aligned,training log
export\models_5m\latent_task_b_s44_aligned\weights.pth,checkpoint/training,5M original,latent_task_b_s44_aligned,checkpoint/timing
export\models_5m\latent_task_b_s45_aligned\training_log.json,checkpoint/training,5M original,latent_task_b_s45_aligned,training log
export\models_5m\latent_task_b_s45_aligned\weights.pth,checkpoint/training,5M original,latent_task_b_s45_aligned,checkpoint/timing
export\models_5m\latent_task_b_s46_aligned\training_log.json,checkpoint/training,5M original,latent_task_b_s46_aligned,training log
export\models_5m\latent_task_b_s46_aligned\weights.pth,checkpoint/training,5M original,latent_task_b_s46_aligned,checkpoint/timing
export\models_5m\training_timing_summary.json,checkpoint/training,5M original,models_5m,checkpoint/timing
export\models_5m_recovery\cot_task_a_s42_recovery\best_weights.pth,checkpoint/training,5M recovery,cot_task_a_s42_recovery,checkpoint/timing
export\models_5m_recovery\cot_task_a_s42_recovery\training_log.json,checkpoint/training,5M recovery,cot_task_a_s42_recovery,training log
export\models_5m_recovery\cot_task_a_s42_recovery\weights.pth,checkpoint/training,5M recovery,cot_task_a_s42_recovery,checkpoint/timing
export\models_5m_recovery\cot_task_a_s43_recovery\best_weights.pth,checkpoint/training,5M recovery,cot_task_a_s43_recovery,checkpoint/timing
export\models_5m_recovery\cot_task_a_s43_recovery\training_log.json,checkpoint/training,5M recovery,cot_task_a_s43_recovery,training log
export\models_5m_recovery\cot_task_a_s43_recovery\weights.pth,checkpoint/training,5M recovery,cot_task_a_s43_recovery,checkpoint/timing
export\models_5m_recovery\cot_task_a_s44_recovery\best_weights.pth,checkpoint/training,5M recovery,cot_task_a_s44_recovery,checkpoint/timing
export\models_5m_recovery\cot_task_a_s44_recovery\training_log.json,checkpoint/training,5M recovery,cot_task_a_s44_recovery,training log
export\models_5m_recovery\cot_task_a_s44_recovery\weights.pth,checkpoint/training,5M recovery,cot_task_a_s44_recovery,checkpoint/timing
export\models_5m_recovery\cot_task_a_s45_recovery\best_weights.pth,checkpoint/training,5M recovery,cot_task_a_s45_recovery,checkpoint/timing
export\models_5m_recovery\cot_task_a_s45_recovery\training_log.json,checkpoint/training,5M recovery,cot_task_a_s45_recovery,training log
export\models_5m_recovery\cot_task_a_s45_recovery\weights.pth,checkpoint/training,5M recovery,cot_task_a_s45_recovery,checkpoint/timing
export\models_5m_recovery\cot_task_a_s46_recovery\best_weights.pth,checkpoint/training,5M recovery,cot_task_a_s46_recovery,checkpoint/timing
export\models_5m_recovery\cot_task_a_s46_recovery\training_log.json,checkpoint/training,5M recovery,cot_task_a_s46_recovery,training log
export\models_5m_recovery\cot_task_a_s46_recovery\weights.pth,checkpoint/training,5M recovery,cot_task_a_s46_recovery,checkpoint/timing
export\models_5m_recovery\cot_task_b_s42_recovery\best_weights.pth,checkpoint/training,5M recovery,cot_task_b_s42_recovery,checkpoint/timing
export\models_5m_recovery\cot_task_b_s42_recovery\training_log.json,checkpoint/training,5M recovery,cot_task_b_s42_recovery,training log
export\models_5m_recovery\cot_task_b_s42_recovery\weights.pth,checkpoint/training,5M recovery,cot_task_b_s42_recovery,checkpoint/timing
export\models_5m_recovery\cot_task_b_s43_recovery\best_weights.pth,checkpoint/training,5M recovery,cot_task_b_s43_recovery,checkpoint/timing
export\models_5m_recovery\cot_task_b_s43_recovery\training_log.json,checkpoint/training,5M recovery,cot_task_b_s43_recovery,training log
export\models_5m_recovery\cot_task_b_s43_recovery\weights.pth,checkpoint/training,5M recovery,cot_task_b_s43_recovery,checkpoint/timing
export\models_5m_recovery\cot_task_b_s44_recovery\best_weights.pth,checkpoint/training,5M recovery,cot_task_b_s44_recovery,checkpoint/timing
export\models_5m_recovery\cot_task_b_s44_recovery\training_log.json,checkpoint/training,5M recovery,cot_task_b_s44_recovery,training log
export\models_5m_recovery\cot_task_b_s44_recovery\weights.pth,checkpoint/training,5M recovery,cot_task_b_s44_recovery,checkpoint/timing
export\models_5m_recovery\cot_task_b_s45_recovery\best_weights.pth,checkpoint/training,5M recovery,cot_task_b_s45_recovery,checkpoint/timing
export\models_5m_recovery\cot_task_b_s45_recovery\training_log.json,checkpoint/training,5M recovery,cot_task_b_s45_recovery,training log
export\models_5m_recovery\cot_task_b_s45_recovery\weights.pth,checkpoint/training,5M recovery,cot_task_b_s45_recovery,checkpoint/timing
export\models_5m_recovery\cot_task_b_s46_recovery\best_weights.pth,checkpoint/training,5M recovery,cot_task_b_s46_recovery,checkpoint/timing
export\models_5m_recovery\cot_task_b_s46_recovery\training_log.json,checkpoint/training,5M recovery,cot_task_b_s46_recovery,training log
export\models_5m_recovery\cot_task_b_s46_recovery\weights.pth,checkpoint/training,5M recovery,cot_task_b_s46_recovery,checkpoint/timing
export\models_5m_recovery\latent_task_a_s42_recovery\best_weights.pth,checkpoint/training,5M recovery,latent_task_a_s42_recovery,checkpoint/timing
export\models_5m_recovery\latent_task_a_s42_recovery\training_log.json,checkpoint/training,5M recovery,latent_task_a_s42_recovery,training log
export\models_5m_recovery\latent_task_a_s42_recovery\weights.pth,checkpoint/training,5M recovery,latent_task_a_s42_recovery,checkpoint/timing
export\models_5m_recovery\latent_task_a_s43_recovery\best_weights.pth,checkpoint/training,5M recovery,latent_task_a_s43_recovery,checkpoint/timing
export\models_5m_recovery\latent_task_a_s43_recovery\training_log.json,checkpoint/training,5M recovery,latent_task_a_s43_recovery,training log
export\models_5m_recovery\latent_task_a_s43_recovery\weights.pth,checkpoint/training,5M recovery,latent_task_a_s43_recovery,checkpoint/timing
export\models_5m_recovery\latent_task_a_s44_recovery\best_weights.pth,checkpoint/training,5M recovery,latent_task_a_s44_recovery,checkpoint/timing
export\models_5m_recovery\latent_task_a_s44_recovery\training_log.json,checkpoint/training,5M recovery,latent_task_a_s44_recovery,training log
export\models_5m_recovery\latent_task_a_s44_recovery\weights.pth,checkpoint/training,5M recovery,latent_task_a_s44_recovery,checkpoint/timing
export\models_5m_recovery\latent_task_a_s45_recovery\best_weights.pth,checkpoint/training,5M recovery,latent_task_a_s45_recovery,checkpoint/timing
export\models_5m_recovery\latent_task_a_s45_recovery\training_log.json,checkpoint/training,5M recovery,latent_task_a_s45_recovery,training log
export\models_5m_recovery\latent_task_a_s45_recovery\weights.pth,checkpoint/training,5M recovery,latent_task_a_s45_recovery,checkpoint/timing
export\models_5m_recovery\latent_task_a_s46_recovery\best_weights.pth,checkpoint/training,5M recovery,latent_task_a_s46_recovery,checkpoint/timing
export\models_5m_recovery\latent_task_a_s46_recovery\training_log.json,checkpoint/training,5M recovery,latent_task_a_s46_recovery,training log
export\models_5m_recovery\latent_task_a_s46_recovery\weights.pth,checkpoint/training,5M recovery,latent_task_a_s46_recovery,checkpoint/timing
export\models_5m_recovery\latent_task_b_s42_recovery\best_weights.pth,checkpoint/training,5M recovery,latent_task_b_s42_recovery,checkpoint/timing
export\models_5m_recovery\latent_task_b_s42_recovery\training_log.json,checkpoint/training,5M recovery,latent_task_b_s42_recovery,training log
export\models_5m_recovery\latent_task_b_s42_recovery\weights.pth,checkpoint/training,5M recovery,latent_task_b_s42_recovery,checkpoint/timing
export\models_5m_recovery\latent_task_b_s43_recovery\best_weights.pth,checkpoint/training,5M recovery,latent_task_b_s43_recovery,checkpoint/timing
export\models_5m_recovery\latent_task_b_s43_recovery\training_log.json,checkpoint/training,5M recovery,latent_task_b_s43_recovery,training log
export\models_5m_recovery\latent_task_b_s43_recovery\weights.pth,checkpoint/training,5M recovery,latent_task_b_s43_recovery,checkpoint/timing
export\models_5m_recovery\latent_task_b_s44_recovery\best_weights.pth,checkpoint/training,5M recovery,latent_task_b_s44_recovery,checkpoint/timing
export\models_5m_recovery\latent_task_b_s44_recovery\training_log.json,checkpoint/training,5M recovery,latent_task_b_s44_recovery,training log
export\models_5m_recovery\latent_task_b_s44_recovery\weights.pth,checkpoint/training,5M recovery,latent_task_b_s44_recovery,checkpoint/timing
export\models_5m_recovery\latent_task_b_s45_recovery\best_weights.pth,checkpoint/training,5M recovery,latent_task_b_s45_recovery,checkpoint/timing
export\models_5m_recovery\latent_task_b_s45_recovery\training_log.json,checkpoint/training,5M recovery,latent_task_b_s45_recovery,training log
export\models_5m_recovery\latent_task_b_s45_recovery\weights.pth,checkpoint/training,5M recovery,latent_task_b_s45_recovery,checkpoint/timing
export\models_5m_recovery\latent_task_b_s46_recovery\best_weights.pth,checkpoint/training,5M recovery,latent_task_b_s46_recovery,checkpoint/timing
export\models_5m_recovery\latent_task_b_s46_recovery\training_log.json,checkpoint/training,5M recovery,latent_task_b_s46_recovery,training log
export\models_5m_recovery\latent_task_b_s46_recovery\weights.pth,checkpoint/training,5M recovery,latent_task_b_s46_recovery,checkpoint/timing
export\models_5m_recovery\training_timing_summary.json,checkpoint/training,5M recovery,models_5m_recovery,checkpoint/timing
