condition,model_display,model,task,scale,seed,k,accuracy,latency_ms,analytical_flops,parameters,under_budget_acc,matched_budget_acc,over_budget_acc
126K,CoT,AutoregressiveCoT,task_a,,42,1,0.262,0.13015766906738283,229120.0,,0.262,,
126K,Recurrent Latent,RecurrentLatentReasoner,task_a,,42,1,0.291,0.11245225524902344,225280,,0.291,,
126K,CoT,AutoregressiveCoT,task_a,,42,2,0.32,0.2043621368408203,458240.0,,0.2680301399354144,1.0,
126K,Recurrent Latent,RecurrentLatentReasoner,task_a,,42,2,0.334,0.10974723052978516,450560,,0.333692142088267,0.3380281690140845,
126K,CoT,AutoregressiveCoT,task_a,,42,4,0.443,0.25407420349121096,916480.0,,0.3054862842892768,1.0,1.0
126K,Recurrent Latent,RecurrentLatentReasoner,task_a,,42,4,0.349,0.1862908477783203,901120,,0.36159600997506236,0.3968253968253968,0.2518518518518518
126K,CoT,AutoregressiveCoT,task_a,,42,8,0.55,0.4478843078613281,1832960.0,,0.3068181818181818,1.0,0.7941176470588235
126K,Recurrent Latent,RecurrentLatentReasoner,task_a,,42,8,0.357,0.3155028076171875,1802240,,0.3712121212121212,0.484375,0.31862745098039214
126K,CoT,AutoregressiveCoT,task_a,,42,12,0.648,0.637525634765625,2749440.0,,0.23828125,1.0,0.7660208643815202
126K,Recurrent Latent,RecurrentLatentReasoner,task_a,,42,12,0.354,0.3974801025390625,2703360,,0.37109375,0.5342465753424658,0.32786885245901637
126K,CoT,AutoregressiveCoT,task_a,,42,16,0.762,0.7278041381835938,3651600.0,,,1.0,0.7424242424242424
126K,Recurrent Latent,RecurrentLatentReasoner,task_a,,42,16,0.353,0.5180411987304687,3604480,,,0.42105263157894735,0.3474025974025974
126K,CoT,AutoregressiveCoT,task_a,,43,1,0.236,0.1452638397216797,229120.0,,0.236,,
126K,Recurrent Latent,RecurrentLatentReasoner,task_a,,43,1,0.204,0.09533026885986329,225280,,0.204,,
126K,CoT,AutoregressiveCoT,task_a,,43,2,0.246,0.1610141143798828,458240.0,,0.2529601722282024,0.15492957746478872,
126K,Recurrent Latent,RecurrentLatentReasoner,task_a,,43,2,0.312,0.11801411437988281,450560,,0.3153928955866523,0.2676056338028169,
126K,CoT,AutoregressiveCoT,task_a,,43,4,0.447,0.27620977783203127,916480.0,,0.3117206982543641,1.0,0.9925925925925926
126K,Recurrent Latent,RecurrentLatentReasoner,task_a,,43,4,0.323,0.19487397766113282,901120,,0.33665835411471323,0.36507936507936506,0.2222222222222222
126K,CoT,AutoregressiveCoT,task_a,,43,8,0.646,0.5319586791992188,1832960.0,,0.3503787878787879,1.0,0.9730392156862745
126K,Recurrent Latent,RecurrentLatentReasoner,task_a,,43,8,0.328,0.4033905334472656,1802240,,0.32575757575757575,0.5,0.30392156862745096
126K,CoT,AutoregressiveCoT,task_a,,43,12,0.57,0.6548585205078125,2749440.0,,0.3203125,1.0,0.6184798807749627
126K,Recurrent Latent,RecurrentLatentReasoner,task_a,,43,12,0.326,0.38297830200195315,2703360,,0.34375,0.4657534246575342,0.30402384500745155
126K,CoT,AutoregressiveCoT,task_a,,43,16,0.697,0.7862445678710938,3651600.0,,,1.0,0.672077922077922
126K,Recurrent Latent,RecurrentLatentReasoner,task_a,,43,16,0.324,0.6754193725585937,3604480,,,0.42105263157894735,0.31601731601731603
126K,CoT,AutoregressiveCoT,task_a,,44,1,0.173,0.20722540283203125,229120.0,,0.173,,
126K,Recurrent Latent,RecurrentLatentReasoner,task_a,,44,1,0.209,0.1635918731689453,225280,,0.209,,
126K,CoT,AutoregressiveCoT,task_a,,44,2,0.269,0.26017031860351564,458240.0,,0.25403659849300325,0.4647887323943662,
126K,Recurrent Latent,RecurrentLatentReasoner,task_a,,44,2,0.309,0.18717106628417968,450560,,0.31216361679224974,0.2676056338028169,
126K,CoT,AutoregressiveCoT,task_a,,44,4,0.334,0.3418673095703125,916480.0,,0.25561097256857856,0.5714285714285714,0.6888888888888889
126K,Recurrent Latent,RecurrentLatentReasoner,task_a,,44,4,0.327,0.20465203857421874,901120,,0.33665835411471323,0.4126984126984127,0.22962962962962963
126K,CoT,AutoregressiveCoT,task_a,,44,8,0.445,0.43488128662109377,1832960.0,,0.2537878787878788,0.546875,0.6764705882352942
126K,Recurrent Latent,RecurrentLatentReasoner,task_a,,44,8,0.326,0.26211651611328124,1802240,,0.3446969696969697,0.4375,0.28431372549019607
126K,CoT,AutoregressiveCoT,task_a,,44,12,0.528,0.5199119262695312,2749440.0,,0.2265625,0.5205479452054794,0.6438152011922503
126K,Recurrent Latent,RecurrentLatentReasoner,task_a,,44,12,0.329,0.3707593078613281,2703360,,0.359375,0.5205479452054794,0.2965722801788376
126K,CoT,AutoregressiveCoT,task_a,,44,16,0.589,0.6519692993164062,3651600.0,,,0.631578947368421,0.5854978354978355
126K,Recurrent Latent,RecurrentLatentReasoner,task_a,,44,16,0.33,0.462583251953125,3604480,,,0.4605263157894737,0.31926406926406925
126K,CoT,AutoregressiveCoT,task_a,,45,1,0.156,0.134991943359375,229120.0,,0.156,,
126K,Recurrent Latent,RecurrentLatentReasoner,task_a,,45,1,0.249,0.08477462768554687,225280,,0.249,,
126K,CoT,AutoregressiveCoT,task_a,,45,2,0.309,0.16097264099121095,458240.0,,0.2680301399354144,0.8450704225352113,
126K,Recurrent Latent,RecurrentLatentReasoner,task_a,,45,2,0.342,0.10692131042480468,450560,,0.34660925726587727,0.28169014084507044,
126K,CoT,AutoregressiveCoT,task_a,,45,4,0.421,0.24073004150390626,916480.0,,0.31296758104738154,0.8095238095238095,0.8814814814814815
126K,Recurrent Latent,RecurrentLatentReasoner,task_a,,45,4,0.319,0.16394557189941406,901120,,0.32917705735660846,0.36507936507936506,0.23703703703703705
126K,CoT,AutoregressiveCoT,task_a,,45,8,0.583,0.3769419860839844,1832960.0,,0.32575757575757575,0.8125,0.8799019607843137
126K,Recurrent Latent,RecurrentLatentReasoner,task_a,,45,8,0.32,0.2760686645507813,1802240,,0.3333333333333333,0.46875,0.27941176470588236
126K,CoT,AutoregressiveCoT,task_a,,45,12,0.614,0.54723095703125,2749440.0,,0.22265625,0.8493150684931506,0.7377049180327869
126K,Recurrent Latent,RecurrentLatentReasoner,task_a,,45,12,0.314,0.3543396911621094,2703360,,0.3515625,0.4383561643835616,0.28614008941877794
126K,CoT,AutoregressiveCoT,task_a,,45,16,0.629,0.6792394409179687,3651600.0,,,0.9210526315789473,0.604978354978355
126K,Recurrent Latent,RecurrentLatentReasoner,task_a,,45,16,0.318,0.4769346008300781,3604480,,,0.42105263157894735,0.30952380952380953
126K,CoT,AutoregressiveCoT,task_a,,46,1,0.25,0.12191519927978516,229120.0,,0.25,,
126K,Recurrent Latent,RecurrentLatentReasoner,task_a,,46,1,0.232,0.09113299560546875,225280,,0.232,,
126K,CoT,AutoregressiveCoT,task_a,,46,2,0.341,0.15977734375,458240.0,,0.2906350914962325,1.0,
126K,Recurrent Latent,RecurrentLatentReasoner,task_a,,46,2,0.318,0.11223081970214843,450560,,0.3218514531754575,0.2676056338028169,
126K,CoT,AutoregressiveCoT,task_a,,46,4,0.446,0.23655516052246095,916480.0,,0.3092269326683292,1.0,1.0
126K,Recurrent Latent,RecurrentLatentReasoner,task_a,,46,4,0.326,0.16743731689453126,901120,,0.3403990024937656,0.36507936507936506,0.2222222222222222
126K,CoT,AutoregressiveCoT,task_a,,46,8,0.635,0.3928576965332031,1832960.0,,0.3087121212121212,1.0,1.0
126K,Recurrent Latent,RecurrentLatentReasoner,task_a,,46,8,0.326,0.26353460693359376,1802240,,0.3390151515151515,0.46875,0.2867647058823529
126K,CoT,AutoregressiveCoT,task_a,,46,12,0.799,0.5244631958007813,2749440.0,,0.2421875,1.0,0.9895678092399404
126K,Recurrent Latent,RecurrentLatentReasoner,task_a,,46,12,0.329,0.4038507385253906,2703360,,0.3515625,0.5205479452054794,0.2995529061102832
126K,CoT,AutoregressiveCoT,task_a,,46,16,0.991,0.745869384765625,3651600.0,,,1.0,0.9902597402597403
126K,Recurrent Latent,RecurrentLatentReasoner,task_a,,46,16,0.328,0.48728240966796876,3604480,,,0.4473684210526316,0.3181818181818182
126K,CoT,AutoregressiveCoT,task_b,,42,1,0.099,0.13405906677246093,229120.0,,0.099,,
126K,Recurrent Latent,RecurrentLatentReasoner,task_b,,42,1,0.113,0.10805792236328125,225280,,0.113,,
126K,CoT,AutoregressiveCoT,task_b,,42,2,0.09,0.19858355712890624,458240.0,,0.0935483870967742,0.04285714285714286,
126K,Recurrent Latent,RecurrentLatentReasoner,task_b,,42,2,0.154,0.14348854064941408,450560,,0.11182795698924732,0.7142857142857143,
126K,CoT,AutoregressiveCoT,task_b,,42,4,0.094,0.2982762451171875,916480.0,,0.10513447432762836,0.06779661016949153,0.032520325203252036
126K,Recurrent Latent,RecurrentLatentReasoner,task_b,,42,4,0.144,0.20105126953125,901120,,0.1136919315403423,0.5932203389830508,0.13008130081300814
126K,CoT,AutoregressiveCoT,task_b,,42,8,0.1,0.392099853515625,1832960.0,,0.1224105461393597,0.11842105263157894,0.06615776081424936
126K,Recurrent Latent,RecurrentLatentReasoner,task_b,,42,8,0.135,0.29163571166992186,1802240,,0.10922787193973635,0.2631578947368421,0.1450381679389313
126K,CoT,AutoregressiveCoT,task_b,,42,12,0.107,0.5560744018554687,2749440.0,,0.09811320754716982,0.056338028169014086,0.11596385542168675
126K,Recurrent Latent,RecurrentLatentReasoner,task_b,,42,12,0.146,0.3750275573730469,2703360,,0.1471698113207547,0.11267605633802817,0.14909638554216867
126K,CoT,AutoregressiveCoT,task_b,,42,16,0.121,0.7132374877929688,3658760.0,,,0.12903225806451613,0.12046908315565032
126K,Recurrent Latent,RecurrentLatentReasoner,task_b,,42,16,0.152,0.602559326171875,3604480,,,0.16129032258064516,0.1513859275053305
126K,CoT,AutoregressiveCoT,task_b,,43,1,0.104,0.15312028503417968,229120.0,,0.104,,
126K,Recurrent Latent,RecurrentLatentReasoner,task_b,,43,1,0.108,0.10004902648925781,225280,,0.108,,
126K,CoT,AutoregressiveCoT,task_b,,43,2,0.107,0.18462034606933594,458240.0,,0.1010752688172043,0.18571428571428572,
126K,Recurrent Latent,RecurrentLatentReasoner,task_b,,43,2,0.17,0.15013034057617186,450560,,0.10752688172043011,1.0,
126K,CoT,AutoregressiveCoT,task_b,,43,4,0.106,0.2608799438476562,916480.0,,0.10024449877750612,0.1016949152542373,0.14634146341463414
126K,Recurrent Latent,RecurrentLatentReasoner,task_b,,43,4,0.167,0.20761917114257813,901120,,0.10757946210268948,0.9661016949152542,0.17886178861788618
126K,CoT,AutoregressiveCoT,task_b,,43,8,0.136,0.44268304443359374,1832960.0,,0.14124293785310735,0.13157894736842105,0.1297709923664122
126K,Recurrent Latent,RecurrentLatentReasoner,task_b,,43,8,0.156,0.30816534423828124,1802240,,0.15065913370998116,0.18421052631578946,0.15776081424936386
126K,CoT,AutoregressiveCoT,task_b,,43,12,0.134,0.5833358764648438,2749440.0,,0.13962264150943396,0.16901408450704225,0.1280120481927711
126K,Recurrent Latent,RecurrentLatentReasoner,task_b,,43,12,0.151,0.42701641845703125,2703360,,0.1660377358490566,0.2112676056338028,0.13855421686746988
126K,CoT,AutoregressiveCoT,task_b,,43,16,0.135,0.6652703247070313,3665920.0,,,0.11290322580645161,0.13646055437100213
126K,Recurrent Latent,RecurrentLatentReasoner,task_b,,43,16,0.151,0.45535406494140623,3604480,,,0.16129032258064516,0.15031982942430705
126K,CoT,AutoregressiveCoT,task_b,,44,1,0.109,0.13336697387695312,229120.0,,0.109,,
126K,Recurrent Latent,RecurrentLatentReasoner,task_b,,44,1,0.107,0.08395340728759766,225280,,0.107,,
126K,CoT,AutoregressiveCoT,task_b,,44,2,0.111,0.1527431335449219,458240.0,,0.1086021505376344,0.14285714285714285,
126K,Recurrent Latent,RecurrentLatentReasoner,task_b,,44,2,0.168,0.11073609924316406,450560,,0.1064516129032258,0.9857142857142858,
126K,CoT,AutoregressiveCoT,task_b,,44,4,0.116,0.22151986694335937,916480.0,,0.10880195599022005,0.1694915254237288,0.13821138211382114
126K,Recurrent Latent,RecurrentLatentReasoner,task_b,,44,4,0.161,0.16587330627441407,901120,,0.10757946210268948,0.9152542372881356,0.15447154471544716
126K,CoT,AutoregressiveCoT,task_b,,44,8,0.134,0.36928564453125,1832960.0,,0.10546139359698682,0.11842105263157894,0.17557251908396945
126K,Recurrent Latent,RecurrentLatentReasoner,task_b,,44,8,0.165,0.2651387939453125,1802240,,0.0847457627118644,0.8289473684210527,0.1450381679389313
126K,CoT,AutoregressiveCoT,task_b,,44,12,0.155,0.5243558349609375,2749440.0,,0.1471698113207547,0.18309859154929578,0.15512048192771086
126K,Recurrent Latent,RecurrentLatentReasoner,task_b,,44,12,0.116,0.40888812255859375,2703360,,0.09811320754716982,0.14084507042253522,0.12048192771084337
126K,CoT,AutoregressiveCoT,task_b,,44,16,0.16,0.762525390625,3658760.0,,,0.14516129032258066,0.16098081023454158
126K,Recurrent Latent,RecurrentLatentReasoner,task_b,,44,16,0.113,0.5279541625976563,3604480,,,0.08064516129032258,0.11513859275053305
126K,CoT,AutoregressiveCoT,task_b,,45,1,0.107,0.12037155151367188,229120.0,,0.107,,
126K,Recurrent Latent,RecurrentLatentReasoner,task_b,,45,1,0.1,0.0850408935546875,225280,,0.1,,
126K,CoT,AutoregressiveCoT,task_b,,45,2,0.1,0.20385446166992188,458240.0,,0.10752688172043011,0.0,
126K,Recurrent Latent,RecurrentLatentReasoner,task_b,,45,2,0.168,0.11322390747070313,450560,,0.11182795698924732,0.9142857142857143,
126K,CoT,AutoregressiveCoT,task_b,,45,4,0.116,0.2355265655517578,916480.0,,0.11735941320293398,0.1864406779661017,0.07317073170731707
126K,Recurrent Latent,RecurrentLatentReasoner,task_b,,45,4,0.159,0.20244659423828126,901120,,0.10635696821515893,0.9491525423728814,0.13008130081300814
126K,CoT,AutoregressiveCoT,task_b,,45,8,0.127,0.4121592102050781,1832960.0,,0.12052730696798493,0.10526315789473684,0.13994910941475827
126K,Recurrent Latent,RecurrentLatentReasoner,task_b,,45,8,0.145,0.2589682922363281,1802240,,0.1224105461393597,0.2894736842105263,0.1475826972010178
126K,CoT,AutoregressiveCoT,task_b,,45,12,0.123,0.5263795776367187,2749440.0,,0.1169811320754717,0.09859154929577464,0.1280120481927711
126K,Recurrent Latent,RecurrentLatentReasoner,task_b,,45,12,0.148,0.35224359130859373,2703360,,0.17358490566037735,0.14084507042253522,0.13855421686746988
126K,CoT,AutoregressiveCoT,task_b,,45,16,0.113,0.6432049560546875,3658760.0,,,0.14516129032258066,0.11087420042643924
126K,Recurrent Latent,RecurrentLatentReasoner,task_b,,45,16,0.15,0.454526123046875,3604480,,,0.16129032258064516,0.14925373134328357
126K,CoT,AutoregressiveCoT,task_b,,46,1,0.097,0.11606201934814453,229120.0,,0.097,,
126K,Recurrent Latent,RecurrentLatentReasoner,task_b,,46,1,0.104,0.08556642913818359,225280,,0.104,,
126K,CoT,AutoregressiveCoT,task_b,,46,2,0.107,0.154804931640625,458240.0,,0.1043010752688172,0.14285714285714285,
126K,Recurrent Latent,RecurrentLatentReasoner,task_b,,46,2,0.164,0.11667056274414063,450560,,0.11182795698924732,0.8571428571428571,
126K,CoT,AutoregressiveCoT,task_b,,46,4,0.12,0.27521633911132815,916480.0,,0.1198044009779951,0.1016949152542373,0.13008130081300814
126K,Recurrent Latent,RecurrentLatentReasoner,task_b,,46,4,0.147,0.18758143615722656,901120,,0.09902200488997555,0.8983050847457628,0.10569105691056911
126K,CoT,AutoregressiveCoT,task_b,,46,8,0.134,0.4228669128417969,1832960.0,,0.15254237288135594,0.07894736842105263,0.11959287531806616
126K,Recurrent Latent,RecurrentLatentReasoner,task_b,,46,8,0.137,0.33620343017578125,1802240,,0.10357815442561205,0.6973684210526315,0.0737913486005089
126K,CoT,AutoregressiveCoT,task_b,,46,12,0.127,0.6235238037109375,2749440.0,,0.1509433962264151,0.23943661971830985,0.10542168674698796
126K,Recurrent Latent,RecurrentLatentReasoner,task_b,,46,12,0.131,0.42153582763671876,2703360,,0.1660377358490566,0.15492957746478872,0.1144578313253012
126K,CoT,AutoregressiveCoT,task_b,,46,16,0.112,0.7368998413085938,3658760.0,,,0.08064516129032258,0.1140724946695096
126K,Recurrent Latent,RecurrentLatentReasoner,task_b,,46,16,0.125,0.4808901672363281,3604480,,,0.16129032258064516,0.12260127931769722
1M,CoT,AutoregressiveCoT,task_a,1m,42,1,0.119,0.14299565124511718,1931776.0,998520,0.119,,
1M,Recurrent Latent,RecurrentLatentReasoner,task_a,1m,42,1,0.135,0.08047090911865235,1923712,998523,0.135,,
1M,CoT,AutoregressiveCoT,task_a,1m,42,2,0.118,0.18934771728515626,3863552.0,998520,0.11517761033369214,0.15492957746478872,
1M,Recurrent Latent,RecurrentLatentReasoner,task_a,1m,42,2,0.334,0.1045260772705078,3847424,998523,0.3369214208826695,0.29577464788732394,
1M,CoT,AutoregressiveCoT,task_a,1m,42,4,0.198,0.2816739501953125,7727104.0,998520,0.1882793017456359,0.3492063492063492,0.18518518518518517
1M,Recurrent Latent,RecurrentLatentReasoner,task_a,1m,42,4,0.334,0.15236589050292967,7694848,998523,0.34413965087281795,0.3968253968253968,0.24444444444444444
1M,CoT,AutoregressiveCoT,task_a,1m,42,8,0.225,0.5005057678222656,15454208.0,998520,0.18181818181818182,0.21875,0.2818627450980392
1M,Recurrent Latent,RecurrentLatentReasoner,task_a,1m,42,8,0.334,0.23772889709472655,15389696,998523,0.3390151515151515,0.5,0.3014705882352941
1M,CoT,AutoregressiveCoT,task_a,1m,42,12,0.237,0.7412501220703125,23181312.0,998520,0.15234375,0.2054794520547945,0.2727272727272727
1M,Recurrent Latent,RecurrentLatentReasoner,task_a,1m,42,12,0.334,0.32331927490234375,23084544,998523,0.34375,0.6027397260273972,0.30104321907600595
1M,CoT,AutoregressiveCoT,task_a,1m,42,16,0.241,1.001841552734375,30787680.0,998520,,0.27631578947368424,0.23809523809523808
1M,Recurrent Latent,RecurrentLatentReasoner,task_a,1m,42,16,0.334,0.4017980651855469,30779392,998523,,0.4473684210526316,0.3246753246753247
1M,CoT,AutoregressiveCoT,task_a,1m,43,1,0.174,0.13404380798339843,1931776.0,998520,0.174,,
1M,Recurrent Latent,RecurrentLatentReasoner,task_a,1m,43,1,0.148,0.08044947052001954,1923712,998523,0.148,,
1M,CoT,AutoregressiveCoT,task_a,1m,43,2,0.331,0.18436729431152343,3863552.0,998520,0.2798708288482239,1.0,
1M,Recurrent Latent,RecurrentLatentReasoner,task_a,1m,43,2,0.296,0.10212950134277343,3847424,998523,0.29709364908503766,0.28169014084507044,
1M,CoT,AutoregressiveCoT,task_a,1m,43,4,0.458,0.27671160888671875,7727104.0,998520,0.32418952618453867,1.0,1.0
1M,Recurrent Latent,RecurrentLatentReasoner,task_a,1m,43,4,0.296,0.14765708923339843,7694848,998523,0.3029925187032419,0.36507936507936506,0.2222222222222222
1M,CoT,AutoregressiveCoT,task_a,1m,43,8,0.646,0.5071739196777344,15454208.0,998520,0.32954545454545453,1.0,1.0
1M,Recurrent Latent,RecurrentLatentReasoner,task_a,1m,43,8,0.297,0.24918511962890624,15389696,998523,0.2935606060606061,0.484375,0.27205882352941174
1M,CoT,AutoregressiveCoT,task_a,1m,43,12,0.79,0.7415801391601563,23181312.0,998520,0.359375,1.0,0.9314456035767511
1M,Recurrent Latent,RecurrentLatentReasoner,task_a,1m,43,12,0.297,0.3280374755859375,23084544,998523,0.3125,0.4657534246575342,0.2727272727272727
1M,CoT,AutoregressiveCoT,task_a,1m,43,16,0.893,1.0066717529296876,30787680.0,998520,,1.0,0.8841991341991342
1M,Recurrent Latent,RecurrentLatentReasoner,task_a,1m,43,16,0.297,0.40331301879882814,30779392,998523,,0.39473684210526316,0.288961038961039
1M,CoT,AutoregressiveCoT,task_a,1m,44,1,0.251,0.13366896057128907,1931776.0,998520,0.251,,
1M,Recurrent Latent,RecurrentLatentReasoner,task_a,1m,44,1,0.152,0.08550621032714843,1923712,998523,0.152,,
1M,CoT,AutoregressiveCoT,task_a,1m,44,2,0.235,0.1932442169189453,3863552.0,998520,0.2465016146393972,0.08450704225352113,
1M,Recurrent Latent,RecurrentLatentReasoner,task_a,1m,44,2,0.283,0.10517292785644532,3847424,998523,0.2852529601722282,0.2535211267605634,
1M,CoT,AutoregressiveCoT,task_a,1m,44,4,0.443,0.2823591003417969,7727104.0,998520,0.3054862842892768,1.0,1.0
1M,Recurrent Latent,RecurrentLatentReasoner,task_a,1m,44,4,0.283,0.15070191955566406,7694848,998523,0.29301745635910226,0.31746031746031744,0.2074074074074074
1M,CoT,AutoregressiveCoT,task_a,1m,44,8,0.516,0.529027587890625,15454208.0,998520,0.3068181818181818,0.984375,0.7132352941176471
1M,Recurrent Latent,RecurrentLatentReasoner,task_a,1m,44,8,0.283,0.23585821533203125,15389696,998523,0.2803030303030303,0.421875,0.2647058823529412
1M,CoT,AutoregressiveCoT,task_a,1m,44,12,0.663,0.74537890625,23181312.0,998520,0.25390625,0.9863013698630136,0.7839046199701938
1M,Recurrent Latent,RecurrentLatentReasoner,task_a,1m,44,12,0.283,0.31694607543945313,23084544,998523,0.26171875,0.4931506849315068,0.26825633383010433
1M,CoT,AutoregressiveCoT,task_a,1m,44,16,0.85,1.0016096801757812,30787680.0,998520,,1.0,0.8376623376623377
1M,Recurrent Latent,RecurrentLatentReasoner,task_a,1m,44,16,0.283,0.40432623291015624,30779392,998523,,0.35526315789473684,0.27705627705627706
1M,CoT,AutoregressiveCoT,task_a,1m,45,1,0.229,0.14852467346191406,1931776.0,998520,0.229,,
1M,Recurrent Latent,RecurrentLatentReasoner,task_a,1m,45,1,0.148,0.09735897827148438,1923712,998523,0.148,,
1M,CoT,AutoregressiveCoT,task_a,1m,45,2,0.338,0.19470594787597656,3863552.0,998520,0.310010764262648,0.704225352112676,
1M,Recurrent Latent,RecurrentLatentReasoner,task_a,1m,45,2,0.306,0.10594563293457031,3847424,998523,0.3078579117330463,0.28169014084507044,
1M,CoT,AutoregressiveCoT,task_a,1m,45,4,0.426,0.2798414611816406,7727104.0,998520,0.3179551122194514,0.6031746031746031,0.9851851851851852
1M,Recurrent Latent,RecurrentLatentReasoner,task_a,1m,45,4,0.307,0.18185647583007813,7694848,998523,0.3167082294264339,0.3333333333333333,0.23703703703703705
1M,CoT,AutoregressiveCoT,task_a,1m,45,8,0.619,0.5161151123046875,15454208.0,998520,0.32575757575757575,0.703125,0.9852941176470589
1M,Recurrent Latent,RecurrentLatentReasoner,task_a,1m,45,8,0.308,0.23710966491699217,15389696,998523,0.32575757575757575,0.46875,0.25980392156862747
1M,CoT,AutoregressiveCoT,task_a,1m,45,12,0.742,0.7451292724609375,23181312.0,998520,0.25390625,0.6027397260273972,0.9433681073025335
1M,Recurrent Latent,RecurrentLatentReasoner,task_a,1m,45,12,0.308,0.31204925537109374,23084544,998523,0.33203125,0.547945205479452,0.2727272727272727
1M,CoT,AutoregressiveCoT,task_a,1m,45,16,0.922,1.0432877197265624,30787680.0,998520,,0.5657894736842105,0.9512987012987013
1M,Recurrent Latent,RecurrentLatentReasoner,task_a,1m,45,16,0.308,0.3961988525390625,30779392,998523,,0.40789473684210525,0.29978354978354976
1M,CoT,AutoregressiveCoT,task_a,1m,46,1,0.123,0.13421075439453126,1931776.0,998520,0.123,,
1M,Recurrent Latent,RecurrentLatentReasoner,task_a,1m,46,1,0.136,0.08438944244384766,1923712,998523,0.136,,
1M,CoT,AutoregressiveCoT,task_a,1m,46,2,0.244,0.19513055419921874,3863552.0,998520,0.19806243272335844,0.8450704225352113,
1M,Recurrent Latent,RecurrentLatentReasoner,task_a,1m,46,2,0.325,0.09689190673828126,3847424,998523,0.32831001076426264,0.28169014084507044,
1M,CoT,AutoregressiveCoT,task_a,1m,46,4,0.428,0.28252401733398436,7727104.0,998520,0.286783042394015,1.0,1.0
1M,Recurrent Latent,RecurrentLatentReasoner,task_a,1m,46,4,0.334,0.14697686767578125,7694848,998523,0.34413965087281795,0.3968253968253968,0.24444444444444444
1M,CoT,AutoregressiveCoT,task_a,1m,46,8,0.601,0.496343505859375,15454208.0,998520,0.30303030303030304,0.828125,0.9509803921568627
1M,Recurrent Latent,RecurrentLatentReasoner,task_a,1m,46,8,0.334,0.24407763671875,15389696,998523,0.3390151515151515,0.5,0.3014705882352941
1M,CoT,AutoregressiveCoT,task_a,1m,46,12,0.786,0.7802666625976562,23181312.0,998520,0.296875,0.958904109589041,0.9538002980625931
1M,Recurrent Latent,RecurrentLatentReasoner,task_a,1m,46,12,0.334,0.32308575439453124,23084544,998523,0.34375,0.6027397260273972,0.30104321907600595
1M,CoT,AutoregressiveCoT,task_a,1m,46,16,0.929,1.0075173950195313,30787680.0,998520,,0.7236842105263158,0.9458874458874459
1M,Recurrent Latent,RecurrentLatentReasoner,task_a,1m,46,16,0.334,0.42287884521484376,30779392,998523,,0.4473684210526316,0.3246753246753247
1M,CoT,AutoregressiveCoT,task_b,1m,42,1,0.119,0.2116183319091797,1931776.0,998520,0.119,,
1M,Recurrent Latent,RecurrentLatentReasoner,task_b,1m,42,1,0.112,0.08830448150634766,1923712,998523,0.112,,
1M,CoT,AutoregressiveCoT,task_b,1m,42,2,0.114,0.2800382385253906,3863552.0,998520,0.11505376344086021,0.1,
1M,Recurrent Latent,RecurrentLatentReasoner,task_b,1m,42,2,0.131,0.10056204986572266,3847424,998523,0.12688172043010754,0.18571428571428572,
1M,CoT,AutoregressiveCoT,task_b,1m,42,4,0.102,0.4311982116699219,7727104.0,998520,0.1039119804400978,0.0847457627118644,0.0975609756097561
1M,Recurrent Latent,RecurrentLatentReasoner,task_b,1m,42,4,0.135,0.15006265258789062,7694848,998523,0.13447432762836187,0.1694915254237288,0.12195121951219512
1M,CoT,AutoregressiveCoT,task_b,1m,42,8,0.104,0.7535808715820312,15454208.0,998520,0.1111111111111111,0.10526315789473684,0.09414758269720101
1M,Recurrent Latent,RecurrentLatentReasoner,task_b,1m,42,8,0.137,0.2379489288330078,15389696,998523,0.14689265536723164,0.07894736842105263,0.13486005089058525
1M,CoT,AutoregressiveCoT,task_b,1m,42,12,0.112,1.0876236572265625,23181312.0,998520,0.12830188679245283,0.14084507042253522,0.10240963855421686
1M,Recurrent Latent,RecurrentLatentReasoner,task_b,1m,42,12,0.137,0.3206852722167969,23084544,998523,0.15471698113207547,0.16901408450704225,0.12650602409638553
1M,CoT,AutoregressiveCoT,task_b,1m,42,16,0.111,1.4346121826171876,30848048.0,998520,,0.08064516129032258,0.11300639658848614
1M,Recurrent Latent,RecurrentLatentReasoner,task_b,1m,42,16,0.137,0.4037709045410156,30779392,998523,,0.14516129032258066,0.13646055437100213
1M,CoT,AutoregressiveCoT,task_b,1m,43,1,0.098,0.21207510375976563,1931776.0,998520,0.098,,
1M,Recurrent Latent,RecurrentLatentReasoner,task_b,1m,43,1,0.1,0.08218422698974609,1923712,998523,0.1,,
1M,CoT,AutoregressiveCoT,task_b,1m,43,2,0.094,0.2877503662109375,3863552.0,998520,0.09032258064516129,0.14285714285714285,
1M,Recurrent Latent,RecurrentLatentReasoner,task_b,1m,43,2,0.142,0.10596268463134766,3847424,998523,0.12795698924731183,0.32857142857142857,
1M,CoT,AutoregressiveCoT,task_b,1m,43,4,0.1,0.43409286499023436,7727104.0,998520,0.09168704156479218,0.15254237288135594,0.13008130081300814
1M,Recurrent Latent,RecurrentLatentReasoner,task_b,1m,43,4,0.157,0.15738409423828126,7694848,998523,0.1552567237163814,0.1694915254237288,0.16260162601626016
1M,CoT,AutoregressiveCoT,task_b,1m,43,8,0.123,0.742629638671875,15454208.0,998520,0.0847457627118644,0.14473684210526316,0.17048346055979643
1M,Recurrent Latent,RecurrentLatentReasoner,task_b,1m,43,8,0.157,0.23784051513671875,15389696,998523,0.1638418079096045,0.11842105263157894,0.15521628498727735
1M,CoT,AutoregressiveCoT,task_b,1m,43,12,0.152,1.0856436767578126,23181312.0,998520,0.12452830188679245,0.14084507042253522,0.16415662650602408
1M,Recurrent Latent,RecurrentLatentReasoner,task_b,1m,43,12,0.156,0.3132298889160156,23084544,998523,0.15849056603773584,0.16901408450704225,0.1536144578313253
1M,CoT,AutoregressiveCoT,task_b,1m,43,16,0.159,1.4427786865234375,30848048.0,998520,,0.16129032258064516,0.15884861407249468
1M,Recurrent Latent,RecurrentLatentReasoner,task_b,1m,43,16,0.157,0.39344607543945315,30779392,998523,,0.14516129032258066,0.15778251599147122
1M,CoT,AutoregressiveCoT,task_b,1m,44,1,0.119,0.20979446411132813,1931776.0,998520,0.119,,
1M,Recurrent Latent,RecurrentLatentReasoner,task_b,1m,44,1,0.11,0.08537763214111328,1923712,998523,0.11,,
1M,CoT,AutoregressiveCoT,task_b,1m,44,2,0.117,0.2875577087402344,3863552.0,998520,0.11397849462365592,0.15714285714285714,
1M,Recurrent Latent,RecurrentLatentReasoner,task_b,1m,44,2,0.106,0.10462860870361328,3847424,998523,0.0989247311827957,0.2,
1M,CoT,AutoregressiveCoT,task_b,1m,44,4,0.12,0.43297921752929686,7727104.0,998520,0.1198044009779951,0.1016949152542373,0.13008130081300814
1M,Recurrent Latent,RecurrentLatentReasoner,task_b,1m,44,4,0.112,0.14544281005859375,7694848,998523,0.11246943765281174,0.06779661016949153,0.13008130081300814
1M,CoT,AutoregressiveCoT,task_b,1m,44,8,0.131,0.7475723876953125,15454208.0,998520,0.10357815442561205,0.13157894736842105,0.16793893129770993
1M,Recurrent Latent,RecurrentLatentReasoner,task_b,1m,44,8,0.112,0.23771795654296876,15389696,998523,0.128060263653484,0.039473684210526314,0.10432569974554708
1M,CoT,AutoregressiveCoT,task_b,1m,44,12,0.147,1.0796773681640626,23181312.0,998520,0.1169811320754717,0.11267605633802817,0.16265060240963855
1M,Recurrent Latent,RecurrentLatentReasoner,task_b,1m,44,12,0.112,0.31539431762695314,23084544,998523,0.1320754716981132,0.14084507042253522,0.10090361445783133
1M,CoT,AutoregressiveCoT,task_b,1m,44,16,0.134,1.4354161376953125,30848048.0,998520,,0.1774193548387097,0.13113006396588486
1M,Recurrent Latent,RecurrentLatentReasoner,task_b,1m,44,16,0.112,0.3954830322265625,30779392,998523,,0.11290322580645161,0.11194029850746269
1M,CoT,AutoregressiveCoT,task_b,1m,45,1,0.116,0.20501983642578125,1931776.0,998520,0.116,,
1M,Recurrent Latent,RecurrentLatentReasoner,task_b,1m,45,1,0.116,0.08233094024658204,1923712,998523,0.116,,
1M,CoT,AutoregressiveCoT,task_b,1m,45,2,0.105,0.2791773376464844,3863552.0,998520,0.1053763440860215,0.1,
1M,Recurrent Latent,RecurrentLatentReasoner,task_b,1m,45,2,0.16,0.10425609588623047,3847424,998523,0.16021505376344086,0.15714285714285714,
1M,CoT,AutoregressiveCoT,task_b,1m,45,4,0.102,0.43095233154296875,7727104.0,998520,0.09535452322738386,0.1016949152542373,0.14634146341463414
1M,Recurrent Latent,RecurrentLatentReasoner,task_b,1m,45,4,0.158,0.14511080932617187,7694848,998523,0.15647921760391198,0.2033898305084746,0.14634146341463414
1M,CoT,AutoregressiveCoT,task_b,1m,45,8,0.132,0.7450174560546875,15454208.0,998520,0.1167608286252354,0.09210526315789473,0.16030534351145037
1M,Recurrent Latent,RecurrentLatentReasoner,task_b,1m,45,8,0.158,0.23404739379882813,15389696,998523,0.15819209039548024,0.10526315789473684,0.16793893129770993
1M,CoT,AutoregressiveCoT,task_b,1m,45,12,0.054,1.08983642578125,23181312.0,998520,0.12830188679245283,0.08450704225352113,0.02108433734939759
1M,Recurrent Latent,RecurrentLatentReasoner,task_b,1m,45,12,0.158,0.31915643310546876,23084544,998523,0.15849056603773584,0.19718309859154928,0.1536144578313253
1M,CoT,AutoregressiveCoT,task_b,1m,45,16,0.141,1.440232177734375,30848048.0,998520,,0.0967741935483871,0.1439232409381663
1M,Recurrent Latent,RecurrentLatentReasoner,task_b,1m,45,16,0.158,0.4047437438964844,30779392,998523,,0.14516129032258066,0.15884861407249468
1M,CoT,AutoregressiveCoT,task_b,1m,46,1,0.104,0.208683837890625,1931776.0,998520,0.104,,
1M,Recurrent Latent,RecurrentLatentReasoner,task_b,1m,46,1,0.135,0.08384291076660157,1923712,998523,0.135,,
1M,CoT,AutoregressiveCoT,task_b,1m,46,2,0.12,0.28087841796875,3863552.0,998520,0.12043010752688173,0.11428571428571428,
1M,Recurrent Latent,RecurrentLatentReasoner,task_b,1m,46,2,0.154,0.1029353256225586,3847424,998523,0.15483870967741936,0.14285714285714285,
1M,CoT,AutoregressiveCoT,task_b,1m,46,4,0.135,0.4327973327636719,7727104.0,998520,0.13691931540342298,0.0847457627118644,0.14634146341463414
1M,Recurrent Latent,RecurrentLatentReasoner,task_b,1m,46,4,0.155,0.14822390747070313,7694848,998523,0.15647921760391198,0.1864406779661017,0.13008130081300814
1M,CoT,AutoregressiveCoT,task_b,1m,46,8,0.119,0.7529397583007813,15454208.0,998520,0.11487758945386065,0.11842105263157894,0.12468193384223919
1M,Recurrent Latent,RecurrentLatentReasoner,task_b,1m,46,8,0.155,0.2299062042236328,15389696,998523,0.15819209039548024,0.10526315789473684,0.16030534351145037
1M,CoT,AutoregressiveCoT,task_b,1m,46,12,0.128,1.089318359375,23181312.0,998520,0.12075471698113208,0.15492957746478872,0.1280120481927711
1M,Recurrent Latent,RecurrentLatentReasoner,task_b,1m,46,12,0.155,0.31870101928710937,23084544,998523,0.15849056603773584,0.19718309859154928,0.14909638554216867
1M,CoT,AutoregressiveCoT,task_b,1m,46,16,0.133,1.436405029296875,30848048.0,998520,,0.22580645161290322,0.12686567164179105
1M,Recurrent Latent,RecurrentLatentReasoner,task_b,1m,46,16,0.155,0.40020419311523436,30779392,998523,,0.14516129032258066,0.15565031982942432
5M original,CoT,cot,task_a,5m,42,1,0.141,0.43845534417778254,9844224,,,,
5M original,Recurrent Latent,latent,task_a,5m,42,1,0.129,0.4404067735886201,9824640,,,,
5M original,CoT,cot,task_a,5m,42,2,0.142,0.4704929403960705,19688448,,,,
5M original,Recurrent Latent,latent,task_a,5m,42,2,0.131,0.07147871900815517,19649280,,,,
5M original,CoT,cot,task_a,5m,42,4,0.143,0.8358049392700195,39376896,,,,
5M original,Recurrent Latent,latent,task_a,5m,42,4,0.131,0.13358215591870248,39298560,,,,
5M original,CoT,cot,task_a,5m,42,8,0.146,1.6462849713861942,78753792,,,,
5M original,Recurrent Latent,latent,task_a,5m,42,8,0.131,0.2742857481352985,78597120,,,,
5M original,CoT,cot,task_a,5m,42,12,0.144,2.6870528534054756,118130688,,,,
5M original,Recurrent Latent,latent,task_a,5m,42,12,0.131,0.40813999995589256,117895680,,,,
5M original,CoT,cot,task_a,5m,42,16,0.147,3.4546428993344307,157507584,,,,
5M original,Recurrent Latent,latent,task_a,5m,42,16,0.131,0.5289897825568914,157194240,,,,
5M original,CoT,cot,task_a,5m,43,1,0.12,0.2873994708061218,9844224,,,,
5M original,Recurrent Latent,latent,task_a,5m,43,1,0.115,0.04329065605998039,9824640,,,,
5M original,CoT,cot,task_a,5m,43,2,0.122,0.46634181402623653,19688448,,,,
5M original,Recurrent Latent,latent,task_a,5m,43,2,0.126,0.06798024976160377,19649280,,,,
5M original,CoT,cot,task_a,5m,43,4,0.122,0.8574790079146624,39376896,,,,
5M original,Recurrent Latent,latent,task_a,5m,43,4,0.126,0.13611578033305705,39298560,,,,
5M original,CoT,cot,task_a,5m,43,8,0.125,1.689126655459404,78753792,,,,
5M original,Recurrent Latent,latent,task_a,5m,43,8,0.126,0.2965926858596504,78597120,,,,
5M original,CoT,cot,task_a,5m,43,12,0.129,2.632977921515703,118130688,,,,
5M original,Recurrent Latent,latent,task_a,5m,43,12,0.126,0.40475284308195114,117895680,,,,
5M original,CoT,cot,task_a,5m,43,16,0.125,3.604000322520733,157507584,,,,
5M original,Recurrent Latent,latent,task_a,5m,43,16,0.126,0.5528199719265103,157194240,,,,
5M original,CoT,cot,task_a,5m,44,1,0.14,0.27695093816146255,9844224,,,,
5M original,Recurrent Latent,latent,task_a,5m,44,1,0.12,0.04209284333046526,9824640,,,,
5M original,CoT,cot,task_a,5m,44,2,0.136,0.4889527801424265,19688448,,,,
5M original,Recurrent Latent,latent,task_a,5m,44,2,0.118,0.11010403139516711,19649280,,,,
5M original,CoT,cot,task_a,5m,44,4,0.127,0.7933566868305206,39376896,,,,
5M original,Recurrent Latent,latent,task_a,5m,44,4,0.118,0.1340848128311336,39298560,,,,
5M original,CoT,cot,task_a,5m,44,8,0.125,1.5845626629889011,78753792,,,,
5M original,Recurrent Latent,latent,task_a,5m,44,8,0.118,0.2713789069093764,78597120,,,,
5M original,CoT,cot,task_a,5m,44,12,0.124,2.4262270107865334,118130688,,,,
5M original,Recurrent Latent,latent,task_a,5m,44,12,0.118,0.3815738740377128,117895680,,,,
5M original,CoT,cot,task_a,5m,44,16,0.137,3.3722085282206535,157507584,,,,
5M original,Recurrent Latent,latent,task_a,5m,44,16,0.118,0.49976496677845716,157194240,,,,
5M original,CoT,cot,task_a,5m,45,1,0.154,0.2439917498268187,9844224,,,,
5M original,Recurrent Latent,latent,task_a,5m,45,1,0.123,0.040032593824435025,9824640,,,,
5M original,CoT,cot,task_a,5m,45,2,0.149,0.4340559672564268,19688448,,,,
5M original,Recurrent Latent,latent,task_a,5m,45,2,0.126,0.07460596808232367,19649280,,,,
5M original,CoT,cot,task_a,5m,45,4,0.143,0.788070933893323,39376896,,,,
5M original,Recurrent Latent,latent,task_a,5m,45,4,0.126,0.12312481203116477,39298560,,,,
5M original,CoT,cot,task_a,5m,45,8,0.141,1.5912757813930511,78753792,,,,
5M original,Recurrent Latent,latent,task_a,5m,45,8,0.126,0.2683189697563648,78597120,,,,
5M original,CoT,cot,task_a,5m,45,12,0.146,2.480485551059246,118130688,,,,
5M original,Recurrent Latent,latent,task_a,5m,45,12,0.126,0.4402608126401901,117895680,,,,
5M original,CoT,cot,task_a,5m,45,16,0.144,3.2301651686429977,157507584,,,,
5M original,Recurrent Latent,latent,task_a,5m,45,16,0.126,0.4924151850864291,157194240,,,,
5M original,CoT,cot,task_a,5m,46,1,0.128,0.2590646566823125,9844224,,,,
5M original,Recurrent Latent,latent,task_a,5m,46,1,0.117,0.036936530959792435,9824640,,,,
5M original,CoT,cot,task_a,5m,46,2,0.127,0.4526980007067323,19688448,,,,
5M original,Recurrent Latent,latent,task_a,5m,46,2,0.122,0.0805038115940988,19649280,,,,
5M original,CoT,cot,task_a,5m,46,4,0.129,0.801748001947999,39376896,,,,
5M original,Recurrent Latent,latent,task_a,5m,46,4,0.122,0.1511359375435859,39298560,,,,
5M original,CoT,cot,task_a,5m,46,8,0.135,1.58789486810565,78753792,,,,
5M original,Recurrent Latent,latent,task_a,5m,46,8,0.122,0.25831584352999926,78597120,,,,
5M original,CoT,cot,task_a,5m,46,12,0.135,2.4360926412045956,118130688,,,,
5M original,Recurrent Latent,latent,task_a,5m,46,12,0.122,0.37686778232455254,117895680,,,,
5M original,CoT,cot,task_a,5m,46,16,0.129,3.3665355443954468,157507584,,,,
5M original,Recurrent Latent,latent,task_a,5m,46,16,0.122,0.54160834569484,157194240,,,,
5M original,CoT,cot,task_b,5m,42,1,0.126,0.6191985914483666,9844224,,,,
5M original,Recurrent Latent,latent,task_b,5m,42,1,0.127,0.058707562275230885,9824640,,,,
5M original,CoT,cot,task_b,5m,42,2,0.129,0.8602375593036413,19688448,,,,
5M original,Recurrent Latent,latent,task_b,5m,42,2,0.117,0.10455993795767426,19649280,,,,
5M original,CoT,cot,task_b,5m,42,4,0.127,1.5080947019159794,39376896,,,,
5M original,Recurrent Latent,latent,task_b,5m,42,4,0.136,0.199626371730119,39298560,,,,
5M original,CoT,cot,task_b,5m,42,8,0.141,2.6153199821710587,78753792,,,,
5M original,Recurrent Latent,latent,task_b,5m,42,8,0.136,0.3420336856506765,78597120,,,,
5M original,CoT,cot,task_b,5m,42,12,0.148,3.4670868292450905,118130688,,,,
5M original,Recurrent Latent,latent,task_b,5m,42,12,0.136,0.4639879986643791,117895680,,,,
5M original,CoT,cot,task_b,5m,42,16,0.141,4.18180774897337,157507584,,,,
5M original,Recurrent Latent,latent,task_b,5m,42,16,0.136,0.5731756221503019,157194240,,,,
5M original,CoT,cot,task_b,5m,43,1,0.13,0.5418115314096212,9844224,,,,
5M original,Recurrent Latent,latent,task_b,5m,43,1,0.138,0.054007656406611204,9824640,,,,
5M original,CoT,cot,task_b,5m,43,2,0.136,0.8917478173971176,19688448,,,,
5M original,Recurrent Latent,latent,task_b,5m,43,2,0.157,0.0952800631057471,19649280,,,,
5M original,CoT,cot,task_b,5m,43,4,0.132,1.4984008707106113,39376896,,,,
5M original,Recurrent Latent,latent,task_b,5m,43,4,0.158,0.19094778085127473,39298560,,,,
5M original,CoT,cot,task_b,5m,43,8,0.128,2.689401611685753,78753792,,,,
5M original,Recurrent Latent,latent,task_b,5m,43,8,0.158,0.32228190591558814,78597120,,,,
5M original,CoT,cot,task_b,5m,43,12,0.128,3.4424809142947197,118130688,,,,
5M original,Recurrent Latent,latent,task_b,5m,43,12,0.158,0.44483484234660864,117895680,,,,
5M original,CoT,cot,task_b,5m,43,16,0.124,4.041579805314541,157507584,,,,
5M original,Recurrent Latent,latent,task_b,5m,43,16,0.158,0.5628004400059581,157194240,,,,
5M original,CoT,cot,task_b,5m,44,1,0.113,0.5106224995106459,9844224,,,,
5M original,Recurrent Latent,latent,task_b,5m,44,1,0.153,0.053419968695379794,9824640,,,,
5M original,CoT,cot,task_b,5m,44,2,0.11,0.8885537590831518,19688448,,,,
5M original,Recurrent Latent,latent,task_b,5m,44,2,0.16,0.09587887558154762,19649280,,,,
5M original,CoT,cot,task_b,5m,44,4,0.109,1.5018030032515526,39376896,,,,
5M original,Recurrent Latent,latent,task_b,5m,44,4,0.156,0.19910771818831563,39298560,,,,
5M original,CoT,cot,task_b,5m,44,8,0.112,2.5903471000492573,78753792,,,,
5M original,Recurrent Latent,latent,task_b,5m,44,8,0.156,0.35567850014194846,78597120,,,,
5M original,CoT,cot,task_b,5m,44,12,0.114,2.9408189989626408,118130688,,,,
5M original,Recurrent Latent,latent,task_b,5m,44,12,0.156,0.45444949716329575,117895680,,,,
5M original,CoT,cot,task_b,5m,44,16,0.119,2.839747827500105,157507584,,,,
5M original,Recurrent Latent,latent,task_b,5m,44,16,0.156,0.5761105306446552,157194240,,,,
5M original,CoT,cot,task_b,5m,45,1,0.097,0.555744749493897,9844224,,,,
5M original,Recurrent Latent,latent,task_b,5m,45,1,0.158,0.05456778081133962,9824640,,,,
5M original,CoT,cot,task_b,5m,45,2,0.091,0.9129997231066227,19688448,,,,
5M original,Recurrent Latent,latent,task_b,5m,45,2,0.159,0.09429668681696057,19649280,,,,
5M original,CoT,cot,task_b,5m,45,4,0.098,1.4507797844707966,39376896,,,,
5M original,Recurrent Latent,latent,task_b,5m,45,4,0.157,0.18053896771743894,39298560,,,,
5M original,CoT,cot,task_b,5m,45,8,0.098,2.632634997367859,78753792,,,,
5M original,Recurrent Latent,latent,task_b,5m,45,8,0.158,0.3176347794942558,78597120,,,,
5M original,CoT,cot,task_b,5m,45,12,0.096,3.363854467868805,118130688,,,,
5M original,Recurrent Latent,latent,task_b,5m,45,12,0.157,0.44161603040993214,117895680,,,,
5M original,CoT,cot,task_b,5m,45,16,0.121,4.01445447653532,157507584,,,,
5M original,Recurrent Latent,latent,task_b,5m,45,16,0.157,0.5675044404342771,157194240,,,,
5M original,CoT,cot,task_b,5m,46,1,0.11,0.5805291272699833,9844224,,,,
5M original,Recurrent Latent,latent,task_b,5m,46,1,0.155,0.056174500146880746,9824640,,,,
5M original,CoT,cot,task_b,5m,46,2,0.107,0.8869638498872519,19688448,,,,
5M original,Recurrent Latent,latent,task_b,5m,46,2,0.158,0.10140750044956803,19649280,,,,
5M original,CoT,cot,task_b,5m,46,4,0.149,1.542673498392105,39376896,,,,
5M original,Recurrent Latent,latent,task_b,5m,46,4,0.158,0.2013135924935341,39298560,,,,
5M original,CoT,cot,task_b,5m,46,8,0.152,2.6331094056367874,78753792,,,,
5M original,Recurrent Latent,latent,task_b,5m,46,8,0.158,0.3442465332336724,78597120,,,,
5M original,CoT,cot,task_b,5m,46,12,0.131,3.4267009124159813,118130688,,,,
5M original,Recurrent Latent,latent,task_b,5m,46,12,0.158,0.42650681734085083,117895680,,,,
5M original,CoT,cot,task_b,5m,46,16,0.146,3.917829565703869,157507584,,,,
5M original,Recurrent Latent,latent,task_b,5m,46,16,0.158,0.5490420619025826,157194240,,,,
5M recovery,CoT,cot,task_a,5m_recovery,42,1,0.226,0.25668002665042877,9844224,,,,
5M recovery,Recurrent Latent,latent,task_a,5m_recovery,42,1,0.15,0.4141485596774146,9824640,,,,
5M recovery,CoT,cot,task_a,5m_recovery,42,2,0.341,0.182384530082345,19688448,,,,
5M recovery,Recurrent Latent,latent,task_a,5m_recovery,42,2,0.315,0.07521512475796044,19649280,,,,
5M recovery,CoT,cot,task_a,5m_recovery,42,4,0.449,0.29342421889305115,39376896,,,,
5M recovery,Recurrent Latent,latent,task_a,5m_recovery,42,4,0.331,0.16174140595830977,39298560,,,,
5M recovery,CoT,cot,task_a,5m_recovery,42,8,0.634,0.5591264069080353,78753792,,,,
5M recovery,Recurrent Latent,latent,task_a,5m_recovery,42,8,0.353,0.27082196809351444,78597120,,,,
5M recovery,CoT,cot,task_a,5m_recovery,42,12,0.805,0.8311644997447729,118130688,,,,
5M recovery,Recurrent Latent,latent,task_a,5m_recovery,42,12,0.353,0.4074392467737198,117895680,,,,
5M recovery,CoT,cot,task_a,5m_recovery,42,16,1.0,1.1885873060673475,157507584,,,,
5M recovery,Recurrent Latent,latent,task_a,5m_recovery,42,16,0.353,0.5356842167675495,157194240,,,,
5M recovery,CoT,cot,task_a,5m_recovery,43,1,0.258,0.11845346796326339,9844224,,,,
5M recovery,Recurrent Latent,latent,task_a,5m_recovery,43,1,0.155,0.04170649993466213,9824640,,,,
5M recovery,CoT,cot,task_a,5m_recovery,43,2,0.334,0.17762050032615662,19688448,,,,
5M recovery,Recurrent Latent,latent,task_a,5m_recovery,43,2,0.307,0.08054175041615963,19649280,,,,
5M recovery,CoT,cot,task_a,5m_recovery,43,4,0.446,0.29194996878504753,39376896,,,,
5M recovery,Recurrent Latent,latent,task_a,5m_recovery,43,4,0.335,0.13185596861876547,39298560,,,,
5M recovery,CoT,cot,task_a,5m_recovery,43,8,0.635,0.5145409377291799,78753792,,,,
5M recovery,Recurrent Latent,latent,task_a,5m_recovery,43,8,0.334,0.2635269691236317,78597120,,,,
5M recovery,CoT,cot,task_a,5m_recovery,43,12,0.794,0.8665363173931837,118130688,,,,
5M recovery,Recurrent Latent,latent,task_a,5m_recovery,43,12,0.334,0.4093097159639001,117895680,,,,
5M recovery,CoT,cot,task_a,5m_recovery,43,16,0.989,1.1432354412972927,157507584,,,,
5M recovery,Recurrent Latent,latent,task_a,5m_recovery,43,16,0.333,0.5451932195574045,157194240,,,,
5M recovery,CoT,cot,task_a,5m_recovery,44,1,0.163,0.1078455625101924,9844224,,,,
5M recovery,Recurrent Latent,latent,task_a,5m_recovery,44,1,0.145,0.046830281149595976,9824640,,,,
5M recovery,CoT,cot,task_a,5m_recovery,44,2,0.34,0.15565684321336448,19688448,,,,
5M recovery,Recurrent Latent,latent,task_a,5m_recovery,44,2,0.33,0.07026584364939481,19649280,,,,
5M recovery,CoT,cot,task_a,5m_recovery,44,4,0.447,0.27918456261977553,39376896,,,,
5M recovery,Recurrent Latent,latent,task_a,5m_recovery,44,4,0.334,0.13615181180648506,39298560,,,,
5M recovery,CoT,cot,task_a,5m_recovery,44,8,0.635,0.559830597601831,78753792,,,,
5M recovery,Recurrent Latent,latent,task_a,5m_recovery,44,8,0.333,0.2591237504966557,78597120,,,,
5M recovery,CoT,cot,task_a,5m_recovery,44,12,0.805,0.8200392834842205,118130688,,,,
5M recovery,Recurrent Latent,latent,task_a,5m_recovery,44,12,0.333,0.3559327181428671,117895680,,,,
5M recovery,CoT,cot,task_a,5m_recovery,44,16,1.0,1.1486740708351135,157507584,,,,
5M recovery,Recurrent Latent,latent,task_a,5m_recovery,44,16,0.333,0.4750854428857565,157194240,,,,
5M recovery,CoT,cot,task_a,5m_recovery,45,1,0.33,0.09927749959751964,9844224,,,,
5M recovery,Recurrent Latent,latent,task_a,5m_recovery,45,1,0.19,0.055784406198654324,9824640,,,,
5M recovery,CoT,cot,task_a,5m_recovery,45,2,0.341,0.22208296693861485,19688448,,,,
5M recovery,Recurrent Latent,latent,task_a,5m_recovery,45,2,0.304,0.08272490557283163,19649280,,,,
5M recovery,CoT,cot,task_a,5m_recovery,45,4,0.446,0.2735531865619123,39376896,,,,
5M recovery,Recurrent Latent,latent,task_a,5m_recovery,45,4,0.338,0.12226006225682795,39298560,,,,
5M recovery,CoT,cot,task_a,5m_recovery,45,8,0.635,0.5782560342922807,78753792,,,,
5M recovery,Recurrent Latent,latent,task_a,5m_recovery,45,8,0.341,0.2572839045897126,78597120,,,,
5M recovery,CoT,cot,task_a,5m_recovery,45,12,0.805,0.8415279667824507,118130688,,,,
5M recovery,Recurrent Latent,latent,task_a,5m_recovery,45,12,0.343,0.36671924870461226,117895680,,,,
5M recovery,CoT,cot,task_a,5m_recovery,45,16,0.998,1.2012495584785938,157507584,,,,
5M recovery,Recurrent Latent,latent,task_a,5m_recovery,45,16,0.341,0.48016878217458725,157194240,,,,
5M recovery,CoT,cot,task_a,5m_recovery,46,1,0.147,0.09943475038744509,9844224,,,,
5M recovery,Recurrent Latent,latent,task_a,5m_recovery,46,1,0.133,0.040860531269572675,9824640,,,,
5M recovery,CoT,cot,task_a,5m_recovery,46,2,0.341,0.15635600127279758,19688448,,,,
5M recovery,Recurrent Latent,latent,task_a,5m_recovery,46,2,0.316,0.08506815659347922,19649280,,,,
5M recovery,CoT,cot,task_a,5m_recovery,46,4,0.439,0.30707218684256077,39376896,,,,
5M recovery,Recurrent Latent,latent,task_a,5m_recovery,46,4,0.331,0.14907756308093667,39298560,,,,
5M recovery,CoT,cot,task_a,5m_recovery,46,8,0.628,0.5339140640571713,78753792,,,,
5M recovery,Recurrent Latent,latent,task_a,5m_recovery,46,8,0.336,0.3457396267913282,78597120,,,,
5M recovery,CoT,cot,task_a,5m_recovery,46,12,0.804,0.8866979330778122,118130688,,,,
5M recovery,Recurrent Latent,latent,task_a,5m_recovery,46,12,0.336,0.3915050318464637,117895680,,,,
5M recovery,CoT,cot,task_a,5m_recovery,46,16,1.0,1.1568112149834633,157507584,,,,
5M recovery,Recurrent Latent,latent,task_a,5m_recovery,46,16,0.336,0.5243841260671616,157194240,,,,
5M recovery,CoT,cot,task_b,5m_recovery,42,1,0.126,0.19716506218537688,9844224,,,,
5M recovery,Recurrent Latent,latent,task_b,5m_recovery,42,1,0.101,0.06353840581141412,9824640,,,,
5M recovery,CoT,cot,task_b,5m_recovery,42,2,0.118,0.3321506278589368,19688448,,,,
5M recovery,Recurrent Latent,latent,task_b,5m_recovery,42,2,0.172,0.08915084321051836,19649280,,,,
5M recovery,CoT,cot,task_b,5m_recovery,42,4,0.132,0.5084020271897316,39376896,,,,
5M recovery,Recurrent Latent,latent,task_b,5m_recovery,42,4,0.128,0.15764218871481717,39298560,,,,
5M recovery,CoT,cot,task_b,5m_recovery,42,8,0.138,0.9569364320486784,78753792,,,,
5M recovery,Recurrent Latent,latent,task_b,5m_recovery,42,8,0.132,0.24166197003796697,78597120,,,,
5M recovery,CoT,cot,task_b,5m_recovery,42,12,0.124,1.4496170282363892,118130688,,,,
5M recovery,Recurrent Latent,latent,task_b,5m_recovery,42,12,0.134,0.39305753633379936,117895680,,,,
5M recovery,CoT,cot,task_b,5m_recovery,42,16,0.227,1.9665444679558277,157507584,,,,
5M recovery,Recurrent Latent,latent,task_b,5m_recovery,42,16,0.137,0.5758350929245353,157194240,,,,
5M recovery,CoT,cot,task_b,5m_recovery,43,1,0.117,0.1966122519224882,9844224,,,,
5M recovery,Recurrent Latent,latent,task_b,5m_recovery,43,1,0.105,0.04986353119602427,9824640,,,,
5M recovery,CoT,cot,task_b,5m_recovery,43,2,0.11,0.3167255949229002,19688448,,,,
5M recovery,Recurrent Latent,latent,task_b,5m_recovery,43,2,0.161,0.08074018743354827,19649280,,,,
5M recovery,CoT,cot,task_b,5m_recovery,43,4,0.104,0.5130785340443254,39376896,,,,
5M recovery,Recurrent Latent,latent,task_b,5m_recovery,43,4,0.113,0.13301768735982478,39298560,,,,
5M recovery,CoT,cot,task_b,5m_recovery,43,8,0.112,0.9582217540591955,78753792,,,,
5M recovery,Recurrent Latent,latent,task_b,5m_recovery,43,8,0.133,0.3497940618544817,78597120,,,,
5M recovery,CoT,cot,task_b,5m_recovery,43,12,0.101,1.4463450014591217,118130688,,,,
5M recovery,Recurrent Latent,latent,task_b,5m_recovery,43,12,0.133,0.3426130963489413,117895680,,,,
5M recovery,CoT,cot,task_b,5m_recovery,43,16,0.183,1.966536846011877,157507584,,,,
5M recovery,Recurrent Latent,latent,task_b,5m_recovery,43,16,0.133,0.466544346883893,157194240,,,,
5M recovery,CoT,cot,task_b,5m_recovery,44,1,0.15,0.19847325002774596,9844224,,,,
5M recovery,Recurrent Latent,latent,task_b,5m_recovery,44,1,0.109,0.05886490613920614,9824640,,,,
5M recovery,CoT,cot,task_b,5m_recovery,44,2,0.148,0.30718944082036614,19688448,,,,
5M recovery,Recurrent Latent,latent,task_b,5m_recovery,44,2,0.163,0.0751697183586657,19649280,,,,
5M recovery,CoT,cot,task_b,5m_recovery,44,4,0.142,0.5122769381850958,39376896,,,,
5M recovery,Recurrent Latent,latent,task_b,5m_recovery,44,4,0.135,0.15932009415701032,39298560,,,,
5M recovery,CoT,cot,task_b,5m_recovery,44,8,0.146,0.9577901884913445,78753792,,,,
5M recovery,Recurrent Latent,latent,task_b,5m_recovery,44,8,0.155,0.2548645003698766,78597120,,,,
5M recovery,CoT,cot,task_b,5m_recovery,44,12,0.15,1.4520179107785225,118130688,,,,
5M recovery,Recurrent Latent,latent,task_b,5m_recovery,44,12,0.155,0.39393668714910746,117895680,,,,
5M recovery,CoT,cot,task_b,5m_recovery,44,16,0.216,1.966874599456787,157507584,,,,
5M recovery,Recurrent Latent,latent,task_b,5m_recovery,44,16,0.155,0.49723862670361996,157194240,,,,
5M recovery,CoT,cot,task_b,5m_recovery,45,1,0.109,0.19598906207829714,9844224,,,,
5M recovery,Recurrent Latent,latent,task_b,5m_recovery,45,1,0.11,0.06539993721526116,9824640,,,,
5M recovery,CoT,cot,task_b,5m_recovery,45,2,0.121,0.30091968597844243,19688448,,,,
5M recovery,Recurrent Latent,latent,task_b,5m_recovery,45,2,0.156,0.07402200007345527,19649280,,,,
5M recovery,CoT,cot,task_b,5m_recovery,45,4,0.133,0.5078568430617452,39376896,,,,
5M recovery,Recurrent Latent,latent,task_b,5m_recovery,45,4,0.147,0.1360423129517585,39298560,,,,
5M recovery,CoT,cot,task_b,5m_recovery,45,8,0.133,0.9677861835807562,78753792,,,,
5M recovery,Recurrent Latent,latent,task_b,5m_recovery,45,8,0.145,0.27693368773907423,78597120,,,,
5M recovery,CoT,cot,task_b,5m_recovery,45,12,0.147,1.4871785938739777,118130688,,,,
5M recovery,Recurrent Latent,latent,task_b,5m_recovery,45,12,0.145,0.349121468141675,117895680,,,,
5M recovery,CoT,cot,task_b,5m_recovery,45,16,0.177,1.9984497651457787,157507584,,,,
5M recovery,Recurrent Latent,latent,task_b,5m_recovery,45,16,0.145,0.46506150159984827,157194240,,,,
5M recovery,CoT,cot,task_b,5m_recovery,46,1,0.097,0.19784509390592575,9844224,,,,
5M recovery,Recurrent Latent,latent,task_b,5m_recovery,46,1,0.109,0.044294875231571496,9824640,,,,
5M recovery,CoT,cot,task_b,5m_recovery,46,2,0.111,0.2981877811253071,19688448,,,,
5M recovery,Recurrent Latent,latent,task_b,5m_recovery,46,2,0.115,0.09242453065235168,19649280,,,,
5M recovery,CoT,cot,task_b,5m_recovery,46,4,0.124,0.5103774331510067,39376896,,,,
5M recovery,Recurrent Latent,latent,task_b,5m_recovery,46,4,0.147,0.1263275002129376,39298560,,,,
5M recovery,CoT,cot,task_b,5m_recovery,46,8,0.113,0.9953563809394836,78753792,,,,
5M recovery,Recurrent Latent,latent,task_b,5m_recovery,46,8,0.159,0.27409371733665466,78597120,,,,
5M recovery,CoT,cot,task_b,5m_recovery,46,12,0.116,1.4888376742601395,118130688,,,,
5M recovery,Recurrent Latent,latent,task_b,5m_recovery,46,12,0.158,0.3402775013819337,117895680,,,,
5M recovery,CoT,cot,task_b,5m_recovery,46,16,0.126,1.9469709917902946,157507584,,,,
5M recovery,Recurrent Latent,latent,task_b,5m_recovery,46,16,0.158,0.4684322504326701,157194240,,,,
